<?xml version="1.0" encoding="UTF-8"?>
<project-private xmlns="http://www.netbeans.org/ns/project-private/1">
    <open-files xmlns="http://www.netbeans.org/ns/projectui-open-files/2">
        <group>
            <file>file:/C:/Users/Cristian/Documents/NetBeansProjects/PracticoParcialBiblioteca/src/practicoparcialbiblioteca/Prestamo.java</file>
            <file>file:/C:/Users/Cristian/Documents/NetBeansProjects/PracticoParcialBiblioteca/src/practicoparcialbiblioteca/Biblioteca.java</file>
            <file>file:/C:/Users/Cristian/Documents/NetBeansProjects/PracticoParcialBiblioteca/src/practicoparcialbiblioteca/PracticoParcialBiblioteca.java</file>
            <file>file:/C:/Users/Cristian/Documents/NetBeansProjects/PracticoParcialBiblioteca/src/practicoparcialbiblioteca/Libro.java</file>
        </group>
    </open-files>
</project-private>
