<?xml version="1.0" encoding="UTF-8"?>
<project-private xmlns="http://www.netbeans.org/ns/project-private/1">
    <editor-bookmarks xmlns="http://www.netbeans.org/ns/editor-bookmarks/2" lastBookmarkId="0"/>
    <open-files xmlns="http://www.netbeans.org/ns/projectui-open-files/2">
        <group>
            <file>file:/D:/Almacenamiento/TECNICATURA%20UNIVERSITARIA%20EN%20PROGRAMACION/Laboratorio%20de%20Computacion%203/Trabajos%20Practicos/PracticaParcialVeterinaria/src/practicaparcialveterinaria/Veterinaria.java</file>
            <file>file:/D:/Almacenamiento/TECNICATURA%20UNIVERSITARIA%20EN%20PROGRAMACION/Laboratorio%20de%20Computacion%203/Trabajos%20Practicos/PracticaParcialVeterinaria/src/practicaparcialveterinaria/Cliente.java</file>
            <file>file:/D:/Almacenamiento/TECNICATURA%20UNIVERSITARIA%20EN%20PROGRAMACION/Laboratorio%20de%20Computacion%203/Trabajos%20Practicos/PracticaParcialVeterinaria/src/practicaparcialveterinaria/Mascota.java</file>
            <file>file:/D:/Almacenamiento/TECNICATURA%20UNIVERSITARIA%20EN%20PROGRAMACION/Laboratorio%20de%20Computacion%203/Trabajos%20Practicos/PracticaParcialVeterinaria/src/practicaparcialveterinaria/PracticaParcialVeterinaria.java</file>
        </group>
    </open-files>
</project-private>
